Car,Horsepower,Price,Image
Hennessey Venom F5,1600,$1.6M,https://autowise.com/wp-content/uploads/2018/06/Hennessey-Venom-F5-15.jpg
Koenigsegg Regera,1500,$2M,https://autowise.com/wp-content/uploads/2018/06/Regera_front_banner2.jpg
Bugatti Chiron,1479, $3.4M,https://autowise.com/wp-content/uploads/2018/06/chiron-768x320.webp
NIO EP9,1341,1.48M,https://autowise.com/wp-content/uploads/2018/06/nio-ep9-1.webp
Rimac Concept One,1224,$1M,https://autowise.com/wp-content/uploads/2018/06/rimac.webp
Aston Martin Valkyrie,1130,$3.2M,https://autowise.com/wp-content/uploads/2018/06/aston-martin-valkyrie-9-720x720.webp
McLaren P1 LM,986,$3.7M,https://autowise.com/wp-content/uploads/2018/06/lanzante-p1-gtr-mclaren-2017-4.webp
Ferrari LaFerrari,950,$1M,https://autowise.com/wp-content/uploads/2018/06/Ferrari-LaFerrari-three-quarter-1260x570.webp